<?xml version="1.0" encoding="UTF-8" standalone="no" ?>
<ApplicationInstallerManifest>
  <DefaultInstallationDirectory>/Applications/cLBT</DefaultInstallationDirectory>
  <ApplicationName>cLBT</ApplicationName>
  <ExecutableName>application/</ExecutableName>
  <GUID>4f7b0af3-1e2d-4746-b8ce-7e8a344a8cf5</GUID>
  <ApplicationIcon>icon_48.png</ApplicationIcon>
  <Logo>temp_cLBT_newIcon.png</Logo>
  <Version>1.0</Version>
  <InstallationNotes>In the following directions, replace MR/R2025a by the directory on the target machine where MATLAB is installed, or MR by the directory where the MATLAB Runtime is installed.

If the environment variable DYLD_LIBRARY_PATH is undefined, set it to the following string:

MR/R2025a/runtime/maci64:MR/R2025a/sys/os/maci64:MR/R2025a/bin/maci64

If it is defined, set it to the following:

${DYLD_LIBRARY_PATH}:MR/R2025a/runtime/maci64:MR/R2025a/sys/os/maci64:MR/R2025a/bin/maci64


</InstallationNotes>
  <AuthorOrganization>Kennedy Krieger and Johns Hopkins</AuthorOrganization>
  <WelcomePanelText>cLBT 1.0
Rini Varghese
rvarghe9@jhmi.edu</WelcomePanelText>
  <MCRProducts>
    <MCRProduct>
      <ExternalProductIdentifier>35002</ExternalProductIdentifier>
    </MCRProduct>
    <MCRProduct>
      <ExternalProductIdentifier>35003</ExternalProductIdentifier>
    </MCRProduct>
    <MCRProduct>
      <ExternalProductIdentifier>35010</ExternalProductIdentifier>
    </MCRProduct>
    <MCRProduct>
      <ExternalProductIdentifier>35117</ExternalProductIdentifier>
    </MCRProduct>
  </MCRProducts>
</ApplicationInstallerManifest>
